log_level,timestamp,message
INFO,2024-11-03T10:00:23,Request received at /api/v1/user
DEBUG,2024-11-03T10:00:25,Connecting to database
INFO,2024-11-03T10:00:26,Database connection established
INFO,2024-11-03T10:01:10,Request received at /api/v1/user
INFO,2024-11-03T10:01:15,Request processed successfully
ERROR,2024-11-03T10:01:20,Memory overflow in image processing service
INFO,2024-11-03T10:02:03,Request received at /api/v1/products
ERROR,2024-11-03T10:02:10,Timeout error during request processing
INFO,2024-11-03T10:02:30,Database connection closed
DEBUG,2024-11-03T10:02:35,Fetching user profile data
INFO,2024-11-03T10:02:40,Request processed successfully
WARNING,2024-11-03T10:02:45,Slow response from backend service
INFO,2024-11-03T10:03:00,Request received at /api/v1/orders
INFO,2024-11-03T10:03:10,Order data processed successfully
ERROR,2024-11-03T10:03:15,Disk space low on server
TRACE,2024-11-03T10:03:20,Function called with parameters: x=10, y=20
INFO,2024-11-03T10:03:25,Database connection re-established
INFO,2024-11-03T10:03:40,Request received at /api/v1/user
INFO,2024-11-03T10:04:00,Request processed successfully
DEBUG,2024-11-03T10:04:10,Connecting to external payment gateway
ERROR,2024-11-03T10:04:15,Invalid credentials for payment processing
INFO,2024-11-03T10:04:20,Request received at /api/v1/user
INFO,2024-11-03T10:04:30,Request processed successfully
INFO,2024-11-03T10:05:00,Request received at /api/v1/user
INFO,2024-11-03T10:05:10,Database connection established
WARNING,2024-11-03T10:05:20,High memory usage detected
DEBUG,2024-11-03T10:05:30,Cleaning up temporary files
ERROR,2024-11-03T10:05:40,Unexpected null pointer exception
INFO,2024-11-03T10:05:45,Request received at /api/v1/user
INFO,2024-11-03T10:06:00,Request processed successfully
ERROR,2024-11-03T10:06:05,Database connection timed out
INFO,2024-11-03T10:06:10,Request received at /api/v1/products
INFO,2024-11-03T10:06:15,Product data retrieved successfully
INFO,2024-11-03T10:06:20,Request processed successfully
TRACE,2024-11-03T10:06:30,Logging request details for user ID 1234
DEBUG,2024-11-03T10:06:40,Cache hit for product details
ERROR,2024-11-03T10:06:45,Memory overflow in image processing service
INFO,2024-11-03T10:07:00,Request received at /api/v1/user
INFO,2024-11-03T10:07:05,Request processed successfully
DEBUG,2024-11-03T10:07:10,Refreshing user session
INFO,2024-11-03T10:07:15,User session updated
INFO,2024-11-03T10:07:20,Request received at /api/v1/products
INFO,2024-11-03T10:07:30,Product list displayed to user
ERROR,2024-11-03T10:07:40,Timeout error during request processing
INFO,2024-11-03T10:08:00,Request received at /api/v1/orders
INFO,2024-11-03T10:08:10,Order processed successfully
ERROR,2024-11-03T10:08:15,Failed to load user profile
INFO,2024-11-03T10:08:30,Request received at /api/v1/user
INFO,2024-11-03T10:08:45,Request processed successfully
TRACE,2024-11-03T10:08:50,Function called with parameters: a=5, b=15
WARNING,2024-11-03T10:09:00,Network latency detected
INFO,2024-11-03T10:09:10,Database connection established
ERROR,2024-11-03T10:09:20,Connection reset by peer
INFO,2024-11-03T10:09:30,Request received at /api/v1/user
INFO,2024-11-03T10:09:45,Request processed successfully
DEBUG,2024-11-03T10:10:00,Fetching account settings for user ID 5678
ERROR,2024-11-03T10:10:10,Failed to connect to external API
INFO,2024-11-03T10:10:30,Request received at /api/v1/orders
INFO,2024-11-03T10:10:45,Order data processed successfully
INFO,2024-11-03T10:11:00,Request received at /api/v1/user
DEBUG,2024-11-03T10:11:10,Validating user input
INFO,2024-11-03T10:11:20,User input validated
ERROR,2024-11-03T10:11:30,Unknown error in authentication module
INFO,2024-11-03T10:11:40,Request received at /api/v1/products
INFO,2024-11-03T10:11:50,Product details fetched successfully
INFO,2024-11-03T10:12:00,Request processed successfully
TRACE,2024-11-03T10:12:10,Logging parameters for function call
ERROR,2024-11-03T10:12:15,File not found on server
WARNING,2024-11-03T10:12:20,High CPU usage detected
INFO,2024-11-03T10:12:30,Request received at /api/v1/user
INFO,2024-11-03T10:12:45,Request processed successfully
INFO,2024-11-03T10:13:00,Request received at /api/v1/user
ERROR,2024-11-03T10:13:10,Memory overflow in image processing service
INFO,2024-11-03T10:13:20,Request processed successfully
DEBUG,2024-11-03T10:13:30,Querying recent transactions
INFO,2024-11-03T10:13:45,Recent transactions displayed
ERROR,2024-11-03T10:14:00,Payment processing error
INFO,2024-11-03T10:14:20,Request received at /api/v1/orders
INFO,2024-11-03T10:14:35,Order confirmation sent to user
TRACE,2024-11-03T10:14:40,Starting new session for user ID 4567
ERROR,2024-11-03T10:15:00,SSL handshake failed
WARNING,2024-11-03T10:15:10,Slow query detected on database
INFO,2024-11-03T10:15:30,Request received at /api/v1/user
INFO,2024-11-03T10:15:45,Request processed successfully
